2026-10-05 09:15:20,BANKNIFTY26OCT54500CE,ENTRY,1274.4,1204.4,OPEN,0,2x8s_signal,CE,PAPER,PAPER-1791171920113
2026-10-05 09:16:03,BANKNIFTY26OCT54500CE,EXIT,1306.35,1315.05,CLOSED,825.66,SL_HIT,CE,PAPER,PAPER-1791171963111
2026-10-05 09:16:10,BANKNIFTY26OCT54500CE,ENTRY,1360.9,1290.9,OPEN,0,2x8s_signal,CE,PAPER,PAPER-1791171970111
2026-10-05 09:17:21,BANKNIFTY26OCT54500CE,EXIT,1365.65,1377.7,CLOSED,5.25,SL_HIT,CE,PAPER,PAPER-1791172041611
2026-10-05 09:17:30,BANKNIFTY26OCT54500PE,ENTRY,493.34,423.34,OPEN,0,2x8s_signal,CE,PAPER,PAPER-1791172050112
2026-10-05 10:06:56,BANKNIFTY26OCT54500PE,EXIT,566.58,570.15,CLOSED,2113.95,SL_HIT,CE,PAPER,PAPER-1791175016111
2026-10-05 10:08:10,BANKNIFTY26OCT54500PE,ENTRY,583.88,513.88,OPEN,0,2x8s_signal,CE,PAPER,PAPER-1791175090112
2026-10-05 10:27:49,BANKNIFTY26OCT54500PE,EXIT,611.31,615.0,CLOSED,735.86,SL_HIT,CE,PAPER,PAPER-1791176269362
2026-10-05 10:28:00,BANKNIFTY26OCT54500CE,ENTRY,1203.5,1133.5,OPEN,0,2x8s_signal,CE,PAPER,PAPER-1791176280116
2026-10-05 10:35:14,BANKNIFTY26OCT54500CE,EXIT,1216.85,1223.0,CLOSED,273.23,SL_HIT,CE,PAPER,PAPER-1791176714111
2026-10-05 10:35:20,BANKNIFTY26OCT54500PE,ENTRY,593.54,523.54,OPEN,0,2x8s_signal,CE,PAPER,PAPER-1791176720114
2026-10-05 10:55:56,BANKNIFTY26OCT54500PE,EXIT,651.66,660.95,CLOSED,1654.46,SL_HIT,CE,PAPER,PAPER-1791177956112
2026-10-05 10:56:00,BANKNIFTY26OCT54500CE,ENTRY,1151.75,1081.75,OPEN,0,2x8s_signal,CE,PAPER,PAPER-1791177960113
2026-10-05 11:17:39,BANKNIFTY26OCT54500CE,EXIT,1076.0,1081.75,CLOSED,-2392.12,SL_HIT,CE,PAPER,PAPER-1791179259361
2026-10-05 11:18:00,BANKNIFTY26OCT54500CE,ENTRY,1099.25,1029.25,OPEN,0,2x8s_signal,CE,PAPER,PAPER-1791179280113
2026-10-05 11:21:32,BANKNIFTY26OCT54500CE,EXIT,1125.65,1131.35,CLOSED,670.99,SL_HIT,CE,PAPER,PAPER-1791179492861
2026-10-05 11:21:40,BANKNIFTY26OCT54500PE,ENTRY,686.5,616.5,OPEN,0,2x8s_signal,CE,PAPER,PAPER-1791179500113
2026-10-05 11:24:59,BANKNIFTY26OCT54500PE,EXIT,702.6,706.8,CLOSED,389.72,SL_HIT,CE,PAPER,PAPER-1791179699612
2026-10-05 11:25:00,BANKNIFTY26OCT54500CE,ENTRY,1105.65,1035.65,OPEN,0,2x8s_signal,CE,PAPER,PAPER-1791179700134
2026-10-05 11:34:07,BANKNIFTY26OCT54500CE,EXIT,1146.0,1150.0,CLOSED,1088.4,SL_HIT,CE,PAPER,PAPER-1791180247861
2026-10-05 11:34:10,BANKNIFTY26OCT54500PE,ENTRY,662.05,592.05,OPEN,0,2x8s_signal,CE,PAPER,PAPER-1791180250112
2026-10-05 11:41:35,BANKNIFTY26OCT54500PE,EXIT,692.15,697.0,CLOSED,810.67,SL_HIT,CE,PAPER,PAPER-1791180695611
2026-10-05 11:41:40,BANKNIFTY26OCT54500CE,ENTRY,1124.65,1054.65,OPEN,0,2x8s_signal,CE,PAPER,PAPER-1791180700115
2026-10-05 11:50:43,BANKNIFTY26OCT54500CE,EXIT,1049.6,1054.65,CLOSED,-2369.36,SL_HIT,CE,PAPER,PAPER-1791181243362
2026-10-05 11:51:00,BANKNIFTY26OCT54500CE,ENTRY,1074.2,1004.2,OPEN,0,2x8s_signal,CE,PAPER,PAPER-1791181260119
2026-10-05 12:24:47,BANKNIFTY26OCT54500CE,EXIT,1086.0,1094.1,CLOSED,235.34,SL_HIT,CE,PAPER,PAPER-1791183287612
2026-10-05 12:24:50,BANKNIFTY26OCT54500PE,ENTRY,729.95,659.95,OPEN,0,2x8s_signal,CE,PAPER,PAPER-1791183290363
2026-10-05 12:47:16,BANKNIFTY26OCT54500PE,EXIT,653.31,659.95,CLOSED,-2390.94,SL_HIT,CE,PAPER,PAPER-1791184636365
2026-10-05 12:47:40,BANKNIFTY26OCT54500CE,ENTRY,1162.4,1092.4,OPEN,0,2x8s_signal,CE,PAPER,PAPER-1791184660113
2026-10-05 12:54:01,BANKNIFTY26OCT54500CE,EXIT,1083.0,1092.4,CLOSED,-2502.15,SL_HIT,CE,PAPER,PAPER-1791185041113
2026-10-05 12:54:10,BANKNIFTY26OCT54500PE,ENTRY,721.4,651.4,OPEN,0,2x8s_signal,CE,PAPER,PAPER-1791185050365
2026-10-05 13:37:08,BANKNIFTY26OCT54500PE,EXIT,646.1,651.4,CLOSED,-2350.24,SL_HIT,CE,PAPER,PAPER-1791187628113
2026-10-05 13:37:30,BANKNIFTY26OCT54500PE,ENTRY,665.82,595.82,OPEN,0,2x8s_signal,CE,PAPER,PAPER-1791187650112
2026-10-05 13:41:56,BANKNIFTY26OCT54500PE,EXIT,589.59,595.82,CLOSED,-2374.42,SL_HIT,CE,PAPER,PAPER-1791187916862
2026-10-05 13:42:00,BANKNIFTY26OCT54500CE,ENTRY,1223.15,1153.15,OPEN,0,2x8s_signal,CE,PAPER,PAPER-1791187920116
2026-10-05 14:04:41,BANKNIFTY26OCT54500CE,EXIT,1146.85,1153.15,CLOSED,-2413.31,SL_HIT,CE,PAPER,PAPER-1791189281861
2026-10-05 14:04:50,BANKNIFTY26OCT54500PE,ENTRY,653.15,583.15,OPEN,0,2x8s_signal,CE,PAPER,PAPER-1791189290113
2026-10-05 15:07:01,BANKNIFTY26OCT54500PE,EXIT,690.75,695.55,CLOSED,1035.9,SL_HIT,CE,PAPER,PAPER-1791193021863
2026-10-06 09:16:20,BANKNIFTY26OCT54700PE,ENTRY,684.6,614.6,OPEN,0,2x8s_signal,CE,PAPER,PAPER-1791258380068
2026-10-06 09:33:35,BANKNIFTY26OCT54700PE,EXIT,610.36,614.6,CLOSED,-2316.06,SL_HIT,CE,PAPER,PAPER-1791259415318
2026-10-06 09:33:40,BANKNIFTY26OCT54700CE,ENTRY,1119.0,1049.0,OPEN,0,2x8s_signal,CE,PAPER,PAPER-1791259420070
2026-10-06 09:58:06,BANKNIFTY26OCT54700CE,EXIT,1130.9,1135.0,CLOSED,235.37,SL_HIT,CE,PAPER,PAPER-1791260886069
2026-10-06 09:58:10,BANKNIFTY26OCT54700PE,ENTRY,595.2,525.2,OPEN,0,2x8s_signal,CE,PAPER,PAPER-1791260890069
2026-10-06 10:10:51,BANKNIFTY26OCT54700PE,EXIT,621.7,627.4,CLOSED,707.25,SL_HIT,CE,PAPER,PAPER-1791261651319
2026-10-06 10:11:30,BANKNIFTY26OCT54700CE,ENTRY,1084.6,1014.5999999999999,OPEN,0,2x8s_signal,CE,PAPER,PAPER-1791261690070
2026-10-06 10:32:59,BANKNIFTY26OCT54700CE,EXIT,1121.15,1125.2,CLOSED,975.97,SL_HIT,CE,PAPER,PAPER-1791262979070
2026-10-06 10:33:00,BANKNIFTY26OCT54700PE,ENTRY,590.07,520.07,OPEN,0,2x8s_signal,CE,PAPER,PAPER-1791262980071
2026-10-06 12:44:03,BANKNIFTY26OCT54700PE,EXIT,514.7,520.07,CLOSED,-2343.66,SL_HIT,CE,PAPER,PAPER-1791270843322
2026-10-06 12:44:10,BANKNIFTY26OCT54700CE,ENTRY,1229.0,1159.0,OPEN,0,2x8s_signal,CE,PAPER,PAPER-1791270850072
2026-10-06 13:01:49,BANKNIFTY26OCT54700CE,EXIT,1153.85,1159.0,CLOSED,-2379.25,SL_HIT,CE,PAPER,PAPER-1791271909573
2026-10-06 13:01:50,BANKNIFTY26OCT54700PE,ENTRY,549.27,479.27,OPEN,0,2x8s_signal,CE,PAPER,PAPER-1791271910073
2026-10-06 15:05:14,BANKNIFTY26OCT54700PE,EXIT,568.27,572.7,CLOSED,485.64,SL_HIT,CE,PAPER,PAPER-1791279314825
2026-10-07 09:15:20,BANKNIFTY26OCT55100PE,ENTRY,847.0,777.0,OPEN,0,2x8s_signal,PE,PAPER,PAPER-1791344720439
2026-10-07 09:17:58,BANKNIFTY26OCT55100PE,EXIT,862.0,868.0,CLOSED,346.18,SL_HIT,PE,PAPER,PAPER-1791344878689
