2026-10-05T09:45:00.112734,HOLD,,no_setup,55023.3,55287.9,54662.12,54036.33,0.0229,0.00902,False,55.86,74.51,1.017,122.71,55090.1401204427
2026-10-05T09:50:00.114771,HOLD,,no_setup,55098.2,55331.31,54702.64,54073.98,0.02298,0.00894,False,49.33,61.76,0.994,117.94,55089.606873047414
2026-10-05T09:55:00.111723,HOLD,,no_setup,55084.6,55371.46,54736.22,54100.97,0.02321,0.00909,False,44.72,49.97,1.052,116.05,55090.79352396449
2026-10-05T10:00:00.111632,HOLD,,no_setup,54932.6,55377.3,54766.28,54155.25,0.02231,0.0094,False,40.11,44.72,1.28,124.66,55087.415568666016
2026-10-05T10:05:00.111477,HOLD,,no_setup,54879.6,55373.72,54792.4,54211.08,0.02122,0.00958,False,20.22,35.02,1.251,116.74,55067.2531637598
2026-10-05T10:10:00.116654,HOLD,,no_setup,54902.0,55365.77,54819.35,54272.94,0.01994,0.01022,False,9.61,23.31,0.964,112.48,55049.84802474588
2026-10-05T10:15:00.113973,HOLD,,no_setup,54884.95,55362.2,54839.81,54317.41,0.01905,0.01086,False,14.51,14.78,0.87,110.95,55037.325607560735
2026-10-05T10:20:00.112832,HOLD,,no_setup,54915.8,55356.82,54861.42,54366.01,0.01806,0.01099,False,22.67,15.59,0.882,107.42,55028.60148480917
2026-10-05T10:25:00.111642,HOLD,,no_setup,54814.5,55338.7,54878.93,54419.15,0.01676,0.01293,False,15.48,17.55,1.046,107.17,55015.81365494405
2026-10-05T10:30:00.111539,HOLD,,no_setup,54860.45,55322.65,54896.4,54470.15,0.01553,0.01609,False,29.29,22.48,1.167,114.79,54999.412793878306
2026-10-05T10:35:00.111668,HOLD,,no_setup,54867.8,55308.76,54911.53,54514.31,0.01447,0.01651,False,40.83,28.53,1.107,107.39,54990.39021910666
2026-10-05T10:40:00.112465,HOLD,,no_setup,54744.05,55292.09,54920.48,54548.87,0.01353,0.01651,False,42.93,37.68,0.882,112.39,54980.45956174163
2026-10-05T10:45:00.112911,HOLD,,no_setup,54781.7,55270.52,54931.31,54592.1,0.01235,0.01651,False,32.9,38.89,0.865,105.95,54970.8923121103
2026-10-05T10:50:00.110693,HOLD,,no_setup,54769.05,55213.54,54947.22,54680.91,0.00969,0.01651,False,20.73,32.19,0.915,100.98,54961.655131606385
2026-10-05T10:55:00.362461,HOLD,,no_setup,54662.95,55230.25,54938.34,54646.43,0.01063,0.01651,False,18.61,24.08,1.16,105.26,54948.22167026305
2026-10-05T11:00:00.111190,HOLD,,no_setup,54704.05,55211.55,54916.88,54622.21,0.01073,0.01651,False,19.46,19.6,1.061,106.97,54935.449035459795
2026-10-05T11:05:00.111812,HOLD,,no_setup,54686.55,55189.34,54894.88,54600.42,0.01073,0.01651,False,21.07,19.72,0.903,103.86,54925.36796040595
2026-10-05T11:10:00.111950,HOLD,,no_setup,54638.05,55168.49,54871.22,54573.94,0.01084,0.01651,False,22.24,20.93,0.883,97.33,54915.4556586751
2026-10-05T11:15:00.111856,HOLD,,no_setup,54597.55,55143.08,54845.29,54547.49,0.01086,0.01651,False,14.23,19.18,0.97,95.44,54903.26066864567
2026-10-05T11:20:00.112331,HOLD,,no_setup,54628.75,55118.93,54823.82,54528.72,0.01077,0.01619,False,17.7,18.06,1.151,92.62,54889.13811622176
2026-10-05T11:25:00.115368,HOLD,,no_setup,54588.1,55099.41,54802.07,54504.72,0.01085,0.01574,False,24.96,18.96,1.086,97.28,54878.02882497201
2026-10-05T11:30:00.111275,HOLD,,no_setup,54634.8,55050.16,54778.89,54507.63,0.0099,0.01561,False,41.93,28.2,0.909,99.6,54868.371232952035
2026-10-05T11:35:00.114261,HOLD,,no_setup,54665.3,54991.97,54757.93,54523.89,0.00855,0.01593,False,50.99,39.29,0.896,98.23,54861.896396667085
2026-10-05T11:40:00.116289,HOLD,,no_setup,54588.7,54971.24,54740.74,54510.23,0.00842,0.0159,False,50.68,47.86,0.909,94.09,54854.38072107849
2026-10-05T11:45:00.111787,HOLD,,no_setup,54554.8,54959.53,54724.49,54489.46,0.00859,0.01591,False,33.64,45.1,1.159,92.54,54844.21264887829
2026-10-05T11:50:00.111739,HOLD,,no_setup,54521.5,54941.61,54705.47,54469.33,0.00863,0.01581,False,12.48,32.26,1.18,93.42,54832.57370938133
2026-10-05T11:55:00.113756,HOLD,,no_setup,54535.05,54919.93,54687.97,54456.02,0.00848,0.01628,False,13.28,19.8,0.911,91.05,54823.33251577184
2026-10-05T12:00:00.113756,HOLD,,no_setup,54489.05,54888.65,54666.64,54444.62,0.00812,0.01651,False,15.48,13.75,0.887,90.21,54815.72660218029
2026-10-05T12:05:00.112142,HOLD,,no_setup,54527.8,54871.12,54652.3,54433.49,0.00801,0.01651,False,31.27,20.01,0.904,94.26,54806.433577695636
2026-10-05T12:10:00.116181,HOLD,,no_setup,54417.75,54849.89,54630.17,54410.44,0.00804,0.01586,False,29.42,25.39,1.076,96.77,54794.85920933655
2026-10-05T12:15:00.111986,HOLD,,no_setup,54436.6,54814.33,54608.61,54402.89,0.00753,0.01477,False,35.48,32.06,1.185,91.53,54783.40770303533
2026-10-05T12:20:00.113890,HOLD,,no_setup,54521.55,54796.31,54597.48,54398.65,0.00728,0.01355,False,42.61,35.84,0.949,91.09,54775.69096735521
2026-10-05T12:25:00.113103,HOLD,,no_setup,54544.1,54765.59,54585.6,54405.62,0.00659,0.01233,False,59.88,45.99,0.889,96.52,54770.98614761998
2026-10-05T12:30:00.114463,HOLD,,no_setup,54623.65,54737.68,54578.33,54418.98,0.00584,0.00854,False,81.43,61.31,0.896,88.89,54766.684607658666
2026-10-05T12:35:00.113628,HOLD,,no_setup,54581.6,54728.6,54574.26,54419.93,0.00566,0.00854,False,80.31,73.87,1.117,109.62,54762.154883082825
2026-10-05T12:40:00.363756,HOLD,,no_setup,54606.45,54712.18,54569.38,54426.59,0.00523,0.00854,False,81.2,80.98,1.163,93.37,54757.650684668115
2026-10-05T12:45:00.114558,HOLD,,no_setup,54631.3,54701.81,54566.62,54431.44,0.00495,0.00854,False,74.12,78.54,0.932,88.24,54754.97686840672
2026-10-05T12:50:00.112366,HOLD,,no_setup,54638.7,54701.91,54566.65,54431.4,0.00496,0.00847,False,70.6,75.31,0.9,86.9,54753.07356851998
2026-10-05T12:55:00.365462,HOLD,,no_setup,54570.8,54699.81,54565.32,54430.82,0.00493,0.00823,False,49.89,64.87,0.896,93.17,54750.595688722504
2026-10-05T13:00:00.115383,HOLD,,no_setup,54597.2,54695.82,54563.74,54431.66,0.00484,0.00811,False,35.31,51.93,1.096,87.93,54746.82238372733
2026-10-05T13:05:00.112691,HOLD,,no_setup,54608.55,54697.95,54564.76,54431.57,0.00488,0.00811,False,28.38,37.86,1.167,86.7,54742.88101581953
2026-10-05T13:10:00.114094,HOLD,,no_setup,54575.25,54690.98,54561.78,54432.59,0.00474,0.00798,False,29.3,31.0,0.984,82.53,54739.67238162231
2026-10-05T13:15:00.112551,HOLD,,no_setup,54601.6,54679.96,54558.6,54437.24,0.00445,0.00726,False,31.41,29.7,0.897,88.83,54736.68659169594
2026-10-05T13:20:00.112985,HOLD,,no_setup,54588.7,54679.96,54558.6,54437.24,0.00445,0.00721,False,36.02,32.24,0.885,80.45,54734.01355969945
2026-10-05T13:25:00.113082,HOLD,,no_setup,54570.9,54680.87,54559.41,54437.94,0.00445,0.00722,False,39.67,35.7,0.997,78.32,54731.2442654146
2026-10-05T13:30:00.113354,HOLD,,no_setup,54569.25,54681.99,54561.79,54441.6,0.00441,0.00718,False,41.71,39.13,1.169,75.23,54727.16756188789
2026-10-05T13:35:00.113017,HOLD,,no_setup,54609.45,54686.82,54565.51,54444.2,0.00445,0.00713,False,53.08,44.82,1.031,74.84,54724.367808648836
2026-10-05T13:40:00.112596,HOLD,,no_setup,54687.55,54702.74,54575.44,54448.13,0.00467,0.00658,False,76.45,57.08,0.895,76.41,54723.16030246498
2026-10-05T13:45:00.112640,HOLD,,stoch_ob,54829.35,54758.87,54590.51,54422.16,0.00617,0.0066,False,94.98,74.84,0.888,83.63,54724.16320882972
2026-10-05T13:50:00.112316,HOLD,,no_setup,54801.9,54782.68,54609.72,54436.76,0.00633,0.00605,False,93.32,88.25,1.046,79.77,54725.78805462034
2026-10-05T13:55:00.112339,HOLD,,no_setup,54877.7,54823.28,54631.78,54440.27,0.00701,0.00511,False,92.96,93.75,1.176,85.28,54728.15583866993
2026-10-05T14:00:00.112819,HOLD,,above_vwap,54835.5,54851.97,54647.47,54442.98,0.00748,0.0052,False,87.11,91.13,0.923,82.22,54730.28199434264
2026-10-05T14:05:00.115498,HOLD,,no_setup,54775.85,54865.15,54659.06,54452.98,0.00754,0.00501,False,74.89,84.99,0.902,85.13,54731.89471444746
2026-10-05T14:10:00.364662,HOLD,,no_setup,54769.1,54877.36,54666.33,54455.31,0.00772,0.00495,False,53.65,71.88,0.927,89.1,54732.31198311024
2026-10-05T14:15:00.111305,HOLD,,no_setup,54822.0,54896.33,54678.35,54460.38,0.00797,0.00496,False,47.68,58.74,1.126,89.04,54733.58973038177
2026-10-05T14:20:00.112076,HOLD,,no_setup,54807.25,54910.88,54688.39,54465.91,0.00814,0.00518,False,51.29,50.87,1.157,86.63,54734.36355994034
2026-10-05T14:25:00.112987,HOLD,,no_setup,54767.7,54918.69,54695.22,54471.74,0.00817,0.00503,False,51.54,50.17,1.009,85.28,54735.33584460745
2026-10-05T14:30:00.114843,HOLD,,no_setup,54798.05,54929.52,54703.18,54476.85,0.00828,0.00506,False,49.34,50.72,0.894,81.36,54736.06479264897
2026-10-05T14:35:00.111769,HOLD,,no_setup,54791.45,54934.82,54714.22,54493.61,0.00806,0.00524,False,45.1,48.66,0.894,80.06,54736.7172118711
2026-10-05T14:40:00.113578,HOLD,,no_setup,54731.85,54934.63,54720.95,54507.27,0.00781,0.00524,False,34.11,42.85,1.044,82.23,54737.29759060052
2026-10-05T14:45:00.113248,HOLD,,no_setup,54756.55,54935.8,54728.35,54520.9,0.00758,0.00549,False,30.01,36.41,1.157,77.52,54737.22684953689
2026-10-05T14:50:00.111949,HOLD,,no_setup,54730.5,54930.66,54736.11,54541.56,0.00711,0.00547,False,23.16,29.09,1.019,75.88,54737.41289739905
2026-10-05T14:55:00.124448,HOLD,,no_setup,54753.85,54927.74,54743.72,54559.71,0.00672,0.00591,False,38.32,30.49,0.883,72.77,54737.390892951
2026-10-06T09:45:00.068242,HOLD,,above_vwap,55034.95,55056.55,54801.86,54547.17,0.0093,0.00703,False,88.47,78.06,1.246,77.1,54948.57465478468
2026-10-06T09:50:00.068131,HOLD,,no_setup,55040.85,55090.25,54814.11,54537.97,0.01008,0.0073,False,89.12,86.04,1.287,78.78,54963.400067503666
2026-10-06T09:55:00.069409,HOLD,,no_setup,55030.85,55118.35,54826.05,54533.74,0.01066,0.00754,False,81.41,86.33,1.035,72.49,54970.81567528901
2026-10-06T10:00:00.069460,HOLD,,no_setup,55019.7,55141.41,54840.49,54539.56,0.01097,0.00777,False,72.14,80.89,0.961,71.53,54978.73183772165
2026-10-06T10:05:00.570572,HOLD,,no_setup,54932.5,55150.17,54849.27,54548.37,0.01097,0.00796,False,44.3,65.95,0.95,72.84,54979.14360242973
2026-10-06T10:10:00.070145,HOLD,,no_setup,54899.6,55154.05,54857.71,54561.36,0.0108,0.00787,False,21.09,45.84,0.929,72.31,54973.884060959404
2026-10-06T10:15:00.071402,HOLD,,no_setup,54968.7,55164.43,54868.58,54572.72,0.01078,0.00802,False,18.81,28.06,1.157,74.07,54969.63816697802
2026-10-06T10:20:00.069470,HOLD,,no_setup,54983.75,55169.95,54883.74,54597.52,0.01043,0.00817,False,36.78,25.56,1.058,72.18,54971.693687831954
2026-10-06T10:25:00.069958,HOLD,,no_setup,54997.65,55163.14,54902.95,54642.76,0.00948,0.00746,False,62.27,39.29,0.915,69.56,54972.48759359049
2026-10-06T10:30:00.322548,HOLD,,no_setup,55015.4,55156.48,54921.3,54686.11,0.00856,0.00637,False,78.33,59.13,0.89,67.74,54973.96472738062
2026-10-06T10:35:00.070099,HOLD,,no_setup,55043.85,55157.46,54937.81,54718.16,0.008,0.00593,False,89.13,76.58,1.026,68.33,54977.527935010505
2026-10-06T10:40:00.072406,HOLD,,no_setup,55050.65,55152.51,54954.66,54756.81,0.0072,0.00632,False,90.08,85.85,1.172,69.09,54981.80117315539
2026-10-06T10:45:00.070064,HOLD,,no_setup,55042.65,55136.65,54971.12,54805.58,0.00602,0.00704,False,83.88,87.69,1.086,65.1,54984.9202484706
2026-10-06T10:50:00.072260,HOLD,,no_setup,54993.0,55098.1,54985.06,54872.02,0.00411,0.00704,False,59.47,77.81,0.928,65.26,54985.82426451636
2026-10-06T10:55:00.325019,HOLD,,no_setup,54982.45,55095.1,54989.12,54883.14,0.00385,0.00704,False,40.24,61.2,0.884,62.05,54985.39997290917
2026-10-06T11:00:00.070661,HOLD,,no_setup,55008.9,55096.47,54992.38,54888.3,0.00379,0.00704,False,32.87,44.19,0.98,65.0,54985.56269550512
2026-10-06T11:05:00.071220,HOLD,,no_setup,55019.35,55089.27,54999.39,54909.52,0.00327,0.00704,False,49.77,40.96,1.15,61.01,54986.43585741637
2026-10-06T11:10:00.070470,HOLD,,no_setup,55051.85,55086.43,55007.02,54927.61,0.00289,0.00704,False,68.7,50.45,1.031,61.22,54989.29870229325
2026-10-06T11:15:00.072478,HOLD,,no_setup,55042.95,55090.16,55009.36,54928.56,0.00294,0.00706,False,75.79,64.75,0.912,59.18,54991.40458304339
2026-10-06T11:20:00.323962,HOLD,,no_setup,55035.45,55091.0,55009.75,54928.5,0.00295,0.00709,False,75.63,73.37,0.887,54.75,54993.08632038229
2026-10-06T11:25:00.070977,HOLD,,no_setup,55009.2,55088.85,55008.47,54928.08,0.00292,0.00713,False,59.09,70.17,1.028,53.2,54994.2242528825
2026-10-06T11:30:00.071813,HOLD,,no_setup,54978.9,55085.27,55005.37,54925.47,0.00291,0.00717,False,36.04,56.92,1.142,52.98,54994.16188106267
2026-10-06T11:35:00.074076,HOLD,,no_setup,55001.0,55082.88,55003.88,54924.87,0.00287,0.00724,False,25.44,40.19,1.005,52.08,54993.663600855245
2026-10-06T11:40:00.071717,HOLD,,no_setup,54983.15,55081.2,55002.05,54922.89,0.00288,0.00744,False,21.22,27.57,0.914,50.43,54993.30838904579
2026-10-06T11:45:00.323581,HOLD,,no_setup,54992.2,55077.35,55005.03,54932.71,0.00263,0.00775,False,29.43,25.37,0.892,48.73,54993.073852259586
2026-10-06T11:50:00.070302,HOLD,,bb_squeeze,55035.85,55065.65,55011.84,54958.04,0.00196,0.00797,True,49.87,33.51,0.962,49.11,54993.797689263745
2026-10-06T11:55:00.072484,HOLD,,bb_squeeze,54994.9,55063.71,55013.16,54962.6,0.00184,0.00826,True,56.13,45.14,1.15,51.67,54993.950372457075
2026-10-06T12:00:00.071553,HOLD,,bb_squeeze,55033.6,55065.0,55015.65,54966.3,0.00179,0.00855,True,75.91,60.64,1.024,52.21,54994.567521036515
2026-10-06T12:05:00.072029,HOLD,,bb_squeeze,55045.1,55068.28,55018.02,54967.76,0.00183,0.00812,True,73.68,68.57,0.907,49.43,54995.564795770544
2026-10-06T12:10:00.323413,HOLD,,bb_squeeze,55019.65,55068.48,55018.23,54967.98,0.00183,0.00789,True,78.83,76.14,0.896,52.06,54996.58201908414
2026-10-06T12:15:00.074274,HOLD,,bb_squeeze,54984.55,55066.15,55015.27,54964.39,0.00185,0.00785,True,52.86,68.46,1.062,47.76,54996.790963193314
2026-10-06T12:20:00.072625,HOLD,,bb_squeeze,55040.15,55064.29,55014.74,54965.2,0.0018,0.0072,True,47.14,59.61,1.176,50.14,54997.625367451496
2026-10-06T12:25:00.072876,HOLD,,bb_squeeze,55067.1,55069.46,55015.97,54962.47,0.00194,0.00604,True,60.58,53.53,1.02,48.98,54999.01352160537
2026-10-06T12:30:00.073399,HOLD,,bb_squeeze,55043.8,55072.23,55018.51,54964.78,0.00195,0.00411,True,78.44,62.05,0.908,47.54,55000.15836540941
2026-10-06T12:35:00.323019,HOLD,,stoch_ob,55088.65,55083.23,55023.82,54964.4,0.00216,0.00394,False,86.78,75.27,0.896,57.54,55001.76859710841
2026-10-06T12:40:00.072535,HOLD,,no_setup,55146.0,55110.85,55030.67,54950.49,0.00291,0.00386,False,86.37,83.86,1.049,53.62,55004.56313103315
2026-10-06T12:45:00.071380,HOLD,,no_setup,55173.1,55140.45,55038.36,54936.26,0.00371,0.0036,False,92.88,88.67,1.157,51.73,55008.765112649955
2026-10-06T12:50:00.074178,HOLD,,no_setup,55169.9,55162.08,55044.26,54926.44,0.00428,0.0036,False,87.95,89.07,1.088,52.51,55013.16532451816
2026-10-06T12:55:00.073388,HOLD,,above_vwap,55141.15,55174.69,55049.17,54923.65,0.00456,0.0036,False,76.73,85.85,0.912,50.7,55016.103114850004
2026-10-06T13:00:00.325632,HOLD,,no_setup,55160.5,55190.18,55055.42,54920.66,0.0049,0.0036,False,69.27,77.98,0.882,49.9,55018.69203592333
2026-10-06T13:05:00.074029,HOLD,,no_setup,55132.05,55198.63,55061.57,54924.5,0.00498,0.0036,False,52.93,66.31,1.074,51.12,55021.516969339886
2026-10-06T13:10:00.074896,HOLD,,no_setup,55136.35,55204.59,55069.44,54934.29,0.00491,0.0036,False,45.73,55.98,1.153,51.0,55023.96597034904
2026-10-06T13:15:00.076048,HOLD,,no_setup,55142.75,55211.43,55076.53,54941.62,0.0049,0.0036,False,43.31,47.33,0.962,49.52,55026.192554957066
2026-10-06T13:20:00.326280,HOLD,,no_setup,55126.95,55212.87,55083.72,54954.56,0.00469,0.0036,False,47.03,45.36,0.88,49.71,55028.25484902741
2026-10-06T13:25:00.075064,HOLD,,no_setup,55115.95,55212.28,55089.9,54967.52,0.00444,0.0036,False,44.17,44.84,0.894,45.98,55030.111411358055
2026-10-06T13:30:00.075482,HOLD,,no_setup,55099.5,55212.83,55093.08,54973.34,0.00435,0.0036,False,34.92,42.04,1.081,48.66,55031.64102199819
2026-10-06T13:35:00.079352,HOLD,,no_setup,55103.15,55208.98,55098.5,54988.01,0.00401,0.0036,False,32.05,37.05,1.141,45.08,55033.56402298443
2026-10-06T13:40:00.076307,HOLD,,no_setup,55116.0,55208.98,55102.62,54996.26,0.00386,0.0036,False,38.93,35.3,0.948,44.53,55035.18547288562
2026-10-06T13:45:00.328217,HOLD,,no_setup,55065.65,55208.05,55103.64,54999.24,0.00379,0.0036,False,30.64,33.87,0.879,46.42,55036.3013281368
2026-10-06T13:50:00.077126,HOLD,,no_setup,55086.2,55204.09,55106.97,55009.86,0.00352,0.0036,False,32.15,33.91,0.922,47.3,55036.97266559001
2026-10-06T13:55:00.077850,HOLD,,no_setup,55094.0,55191.09,55112.44,55033.8,0.00285,0.0036,False,30.63,31.14,1.105,45.13,55038.05080585585
2026-10-06T14:00:00.078779,HOLD,,no_setup,55093.8,55186.74,55115.13,55043.51,0.0026,0.0036,False,44.84,35.87,1.113,44.61,55039.17087236299
2026-10-06T14:05:00.079098,HOLD,,no_setup,55112.35,55185.38,55117.39,55049.4,0.00247,0.0036,False,55.76,43.74,0.928,45.69,55040.212425523314
2026-10-06T14:10:00.327168,HOLD,,no_setup,55116.05,55179.55,55121.0,55062.45,0.00212,0.0036,False,68.56,56.39,0.888,43.9,55041.27417235158
2026-10-06T14:15:00.078067,HOLD,,no_setup,55097.45,55179.09,55121.44,55063.79,0.00209,0.0036,False,67.24,63.85,0.986,43.35,55042.26192520231
2026-10-06T14:20:00.078299,HOLD,,no_setup,55095.3,55176.47,55118.91,55061.34,0.00209,0.0036,False,58.86,64.89,1.129,43.7,55043.13539780162
2026-10-06T14:25:00.080230,HOLD,,no_setup,55069.0,55169.43,55113.7,55057.97,0.00202,0.0036,False,33.59,53.23,1.069,44.56,55043.83123909525
2026-10-06T14:30:00.076480,HOLD,,stoch_no_cross_pe,55028.1,55168.03,55106.61,55045.2,0.00223,0.0036,False,25.45,39.3,0.938,46.69,55043.89317624263
2026-10-06T14:35:00.327402,HOLD,,stoch_no_cross_ce,55034.2,55168.38,55101.26,55034.15,0.00244,0.0036,False,18.04,25.7,0.887,45.5,55043.85266280397
2026-10-06T14:40:00.078302,HOLD,,no_setup,55031.65,55162.73,55094.82,55026.92,0.00247,0.0036,False,22.71,22.07,1.008,45.19,55043.60317914253
2026-10-06T14:45:00.076368,HOLD,,no_setup,55055.05,55158.72,55090.97,55023.22,0.00246,0.0036,False,31.6,24.12,1.131,45.68,55043.62913088205
2026-10-06T14:50:00.077173,HOLD,,no_setup,55067.2,55152.52,55087.51,55022.51,0.00236,0.0036,False,47.63,33.98,1.063,44.7,55043.93346954038
2026-10-06T14:55:00.076497,HOLD,,no_setup,55041.35,55145.08,55082.44,55019.81,0.00227,0.0036,False,52.79,44.01,0.925,44.53,55044.1185577005
2026-10-07T09:45:00.188857,BUY_CE,bounce,,54737.45,55217.89,54941.87,54665.86,0.01005,0.0036,False,22.82,15.78,1.012,74.66,54744.38110099356
2026-10-07T09:50:00.188210,HOLD,,no_setup,54730.65,55215.0,54926.9,54638.81,0.01049,0.0036,False,37.96,23.14,1.022,74.04,54739.8773172136
2026-10-07T09:55:00.187115,HOLD,,no_setup,54759.55,55205.9,54913.18,54620.46,0.01066,0.0036,False,64.75,41.85,1.14,73.56,54742.819763937754
2026-10-07T10:00:00.186597,HOLD,,no_setup,54795.85,55193.27,54901.48,54609.69,0.01063,0.0036,False,79.92,60.88,1.27,72.59,54745.72702183708
2026-10-07T10:05:00.186477,HOLD,,no_setup,54810.5,55175.72,54889.66,54603.59,0.01042,0.0036,False,86.41,77.03,1.207,78.3,54750.40491939436
2026-10-07T10:10:00.442608,HOLD,,no_setup,54922.45,55157.13,54882.54,54607.95,0.01001,0.0036,False,91.54,85.96,0.907,81.09,54760.43299740203
2026-10-07T10:15:00.188980,HOLD,,no_setup,54964.25,55146.63,54878.88,54611.13,0.00976,0.0036,False,89.62,89.19,0.87,81.55,54774.30971220032
2026-10-07T10:20:00.186886,HOLD,,no_setup,55145.75,55171.32,54884.91,54598.5,0.01044,0.0036,False,89.62,90.26,0.971,97.85,54800.998819832836
2026-10-07T10:25:00.187935,HOLD,,no_setup,55105.9,55189.36,54890.26,54591.17,0.0109,0.0036,False,80.81,86.68,1.114,103.28,54829.605243670245
2026-10-07T10:30:00.188453,HOLD,,stoch_ob,55246.8,55238.8,54902.6,54566.39,0.01225,0.00462,False,81.26,83.89,1.139,106.82,54857.03821188593
2026-10-07T10:35:00.443499,HOLD,,above_vwap,55139.75,55259.64,54909.49,54559.34,0.01275,0.00582,False,76.53,79.53,0.969,109.88,54879.83581147347
2026-10-07T10:40:00.189003,HOLD,,no_setup,55095.6,55272.76,54914.58,54556.41,0.01304,0.00705,False,66.73,74.84,0.872,113.62,54891.64024517783
2026-10-07T10:45:00.189196,HOLD,,no_setup,55200.85,55304.11,54924.94,54545.77,0.01381,0.0081,False,58.13,67.13,0.882,111.92,54904.6475989403
2026-10-07T10:50:00.185387,HOLD,,no_setup,55159.6,55309.43,54926.5,54543.56,0.01394,0.00934,False,54.16,59.67,1.049,107.33,54919.564383276076
2026-10-07T10:55:00.187188,HOLD,,no_setup,55214.9,55342.71,54938.81,54534.91,0.0147,0.00973,False,65.07,59.12,1.169,104.94,54933.93238616834
2026-10-07T11:00:00.456989,HOLD,,no_setup,55300.8,55393.42,54962.63,54531.84,0.01568,0.00996,False,75.38,64.87,0.994,105.15,54948.254100163904
2026-10-07T11:05:00.187016,HOLD,,no_setup,55291.5,55434.54,54987.38,54540.22,0.01626,0.01004,False,86.7,75.72,0.879,103.33,54961.77022055526
2026-10-07T11:10:00.185596,HOLD,,no_setup,55313.0,55469.9,55015.99,54562.08,0.0165,0.01035,False,90.96,84.35,0.88,100.92,54975.151515543985
2026-10-07T11:15:00.185074,HOLD,,no_setup,55284.45,55491.74,55043.72,54595.7,0.01628,0.01043,False,81.9,86.52,1.018,98.23,54988.5450907436
2026-10-07T11:20:00.190591,HOLD,,no_setup,55288.1,55496.38,55075.38,54654.39,0.01529,0.01048,False,74.87,82.58,1.163,94.67,55002.27200528523
2026-10-07T11:25:00.440770,HOLD,,no_setup,55324.75,55508.06,55104.75,54701.44,0.01464,0.0106,False,74.52,77.1,1.031,94.51,55013.82686462499
2026-10-07T11:30:00.185800,HOLD,,no_setup,55295.1,55503.74,55132.97,54762.2,0.01345,0.01065,False,64.92,71.44,0.89,88.44,55023.64316032526
2026-10-07T11:35:00.187560,HOLD,,no_setup,55252.6,55487.12,55157.62,54828.13,0.01195,0.01085,False,55.07,64.84,0.902,88.42,55031.07036537758
2026-10-07T11:40:00.190160,HOLD,,no_setup,55286.65,55468.49,55182.17,54895.84,0.01038,0.01174,False,47.58,55.86,1.051,89.04,55040.25640705637
2026-10-07T11:45:00.185995,HOLD,,no_setup,55253.2,55432.11,55204.3,54976.49,0.00825,0.01174,False,44.93,49.19,1.159,85.76,55049.16459593597
2026-10-07T11:50:00.442401,HOLD,,no_setup,55248.3,55406.24,55220.59,55034.94,0.00672,0.01174,False,43.76,45.42,0.987,84.34,55055.91078990054
2026-10-07T11:55:00.186424,HOLD,,no_setup,55238.9,55375.42,55234.32,55093.23,0.00511,0.01174,False,31.21,39.97,0.892,81.67,55060.82855749836
2026-10-07T12:00:00.189171,HOLD,,no_setup,55221.8,55373.14,55238.13,55103.12,0.00489,0.01174,False,21.74,32.24,0.95,79.28,55065.69978351676
2026-10-07T12:05:00.186998,HOLD,,no_setup,55285.85,55368.31,55247.12,55125.94,0.00439,0.01175,False,36.16,29.7,1.118,79.0,55071.71797720081
2026-10-07T12:10:00.187490,HOLD,,no_setup,55216.95,55367.57,55245.63,55123.7,0.00441,0.0118,False,28.5,28.8,1.063,80.58,55077.564070252134
2026-10-07T12:15:00.446617,HOLD,,no_setup,55134.75,55368.25,55245.38,55122.52,0.00445,0.01185,False,30.26,31.64,0.912,80.31,55079.8495782382
2026-10-07T12:20:00.188115,HOLD,,above_vwap,55123.7,55362.9,55246.79,55130.68,0.0042,0.0119,False,8.68,22.48,0.902,78.98,55081.27075848524
2026-10-07T12:25:00.187830,HOLD,,no_setup,55088.75,55375.95,55241.18,55106.41,0.00488,0.01192,False,8.12,15.69,1.015,84.63,55082.385525250735
2026-10-07T12:30:00.189006,HOLD,,no_setup,55058.15,55390.08,55236.11,55082.14,0.00557,0.01167,False,7.48,8.09,1.139,75.62,55081.75776325071
2026-10-07T12:35:00.194593,BUY_CE,bounce,,55077.6,55398.66,55229.25,55059.83,0.00614,0.01169,False,12.34,9.31,1.068,86.51,55081.43085258477
2026-10-07T13:05:00.451437,HOLD,,no_setup,54963.5,55359.3,55154.03,54948.77,0.00744,0.01186,False,20.12,36.32,1.0,65.97,55078.52971691009
2026-10-07T13:10:00.189131,HOLD,,stoch_os,54838.95,55369.25,55131.22,54893.2,0.00863,0.01178,False,1.22,18.77,0.868,70.84,55075.48587292209
2026-10-07T13:15:00.190136,HOLD,,below_vwap,54891.65,55366.68,55113.18,54859.67,0.0092,0.01115,False,11.34,10.89,0.88,73.0,55071.44120703478
2026-10-07T13:20:00.189224,HOLD,,no_setup,54907.3,55349.82,55094.21,54838.6,0.00928,0.00992,False,22.62,11.73,1.047,77.73,55067.95192676251
2026-10-07T13:25:00.189268,HOLD,,no_setup,54848.75,55340.41,55073.99,54807.57,0.00967,0.00819,False,29.82,21.26,1.177,75.13,55063.48399010861
2026-10-07T13:30:00.191146,HOLD,,no_setup,54941.75,55318.03,55058.66,54799.29,0.00942,0.00701,False,47.94,33.46,1.04,75.43,55059.93206145142
2026-10-07T13:35:00.192127,HOLD,,no_setup,54960.6,55293.03,55044.74,54796.46,0.00902,0.00579,False,68.81,48.85,0.897,83.61,55057.93903574437
2026-10-07T13:40:00.190514,HOLD,,no_setup,54945.1,55268.25,55030.91,54793.57,0.00863,0.00586,False,84.07,66.94,0.869,73.53,55056.399635471724
2026-10-07T13:45:00.191751,HOLD,,no_setup,54960.75,55220.98,55014.66,54808.33,0.0075,0.00602,False,82.48,78.45,0.995,70.39,55054.39351943309
2026-10-07T13:50:00.189965,HOLD,,no_setup,54960.4,55185.89,55001.83,54817.76,0.00669,0.00638,False,76.31,80.95,1.161,67.5,55052.27037889611
2026-10-07T13:55:00.441191,HOLD,,no_setup,54864.4,55170.98,54988.31,54805.64,0.00664,0.00658,False,59.28,72.69,1.0,71.63,55049.81804465596
2026-10-07T14:00:00.192449,HOLD,,no_setup,54845.75,55156.0,54974.41,54792.82,0.00661,0.00664,False,35.9,57.16,0.884,70.54,55046.88708643647
2026-10-07T14:05:00.191264,HOLD,,no_setup,54912.8,55140.82,54965.62,54790.41,0.00637,0.00664,False,28.99,41.39,0.912,69.53,55044.34651265835
2026-10-07T14:10:00.189928,HOLD,,no_setup,54902.65,55129.52,54957.84,54786.16,0.00625,0.00664,False,40.31,35.07,1.07,68.51,55042.065551035645
2026-10-07T14:15:00.192689,HOLD,,no_setup,54903.95,55112.7,54949.16,54785.61,0.00595,0.00664,False,55.71,41.67,1.131,67.51,55039.491854563945
2026-10-07T14:20:00.441799,HOLD,,no_setup,54948.75,55093.47,54942.46,54791.45,0.0055,0.00664,False,65.29,53.77,0.979,65.96,55037.962718546514
2026-10-07T14:25:00.192483,HOLD,,no_setup,54999.6,55073.58,54937.67,54801.76,0.00495,0.00664,False,80.07,67.02,0.891,64.91,55037.093446578365
2026-10-07T14:30:00.191147,HOLD,,stoch_ob,55243.0,55130.98,54946.32,54761.67,0.00672,0.00664,False,94.22,79.86,0.934,77.58,55038.50986692361
2026-10-07T14:35:00.192108,HOLD,,no_setup,55221.8,55166.56,54952.97,54739.39,0.00777,0.00668,False,93.4,89.23,1.113,75.55,55042.08229960166
2026-10-07T14:40:00.190004,HOLD,,above_vwap,55161.35,55193.63,54961.14,54728.65,0.00846,0.0067,False,84.14,90.59,1.121,76.61,55044.56578520617
2026-10-07T14:45:00.441462,HOLD,,no_setup,55163.05,55220.54,54971.12,54721.69,0.00907,0.00668,False,73.01,83.52,1.006,73.7,55046.36864367519
2026-10-07T14:50:00.191930,HOLD,,no_setup,55167.85,55243.58,54987.56,54731.55,0.00931,0.00669,False,64.7,73.95,0.88,74.63,55047.88932599946
2026-10-07T14:55:00.190613,HOLD,,no_setup,55104.8,55255.17,54998.22,54741.27,0.00934,0.00672,False,49.94,62.55,0.901,76.72,55048.55406610935
